Dlugosc-slowa,Czas-MD5,Czas-SHA1,Czas-SHA2-224,Czas-SHA2-256,Czas-SHA2-384,Czas-SHA2-512,Czas-SHA3-224,Czas-SHA3-256,Czas-SHA3-384,Czas-SHA3-512,,,,,,
100000,"3,89E-04","1,80E-04","1,52E-04","1,50E-04","3,15E-04","3,24E-04","5,20E-04","5,55E-04","6,70E-04","9,71E-04",,Dlugosc-slowa,Czas-MD5,,,
100000,"3,72E-04","1,62E-04","1,51E-04","1,50E-04","3,34E-04","3,08E-04","5,24E-04","5,53E-04","6,78E-04","9,68E-04",,100000,"3,65E-04",,,
100000,"3,52E-04","1,83E-04","1,52E-04","1,50E-04","3,15E-04","3,08E-04","5,32E-04","5,53E-04","6,66E-04","9,73E-04",,200000,"4,73E-04",,,
100000,"3,70E-04","1,62E-04","1,52E-04","1,50E-04","3,32E-04","3,09E-04","5,18E-04","5,55E-04","6,77E-04","9,67E-04",,300000,"4,38E-04",,,
100000,"3,53E-04","1,88E-04","1,53E-04","1,50E-04","3,15E-04","3,34E-04","5,19E-04","5,55E-04","6,68E-04","9,68E-04",,400000,"5,74E-04",,,
100000,"3,77E-04","1,63E-04","1,51E-04","1,50E-04","3,47E-04","3,10E-04","5,36E-04","5,83E-04","6,86E-04","9,74E-04",,500000,"7,12E-04",,,
100000,"3,52E-04","1,63E-04","1,51E-04","1,66E-04","3,15E-04","3,07E-04","5,31E-04","5,42E-04","6,80E-04","9,72E-04",,,,,,
100000,"3,79E-04","1,71E-04","1,51E-04","1,50E-04","3,14E-04","3,30E-04","5,19E-04","5,56E-04","6,67E-04","9,69E-04",,,,,,
100000,"3,76E-04","1,62E-04","1,52E-04","1,50E-04","3,14E-04","3,32E-04","5,19E-04","5,57E-04","6,79E-04","9,58E-04",,Dlugosc-slowa,Czas-SHA1,,,
100000,"3,53E-04","1,61E-04","1,51E-04","1,50E-04","3,35E-04","3,08E-04","5,36E-04","5,42E-04","6,78E-04","9,69E-04",,100000,"1,66E-04",,,
100000,"3,79E-04","1,62E-04","1,51E-04","1,50E-04","3,37E-04","3,08E-04","5,19E-04","5,53E-04","6,76E-04","9,66E-04",,200000,"2,11E-04",,,
100000,"3,75E-04","1,80E-04","1,51E-04","1,50E-04","3,14E-04","3,32E-04","5,19E-04","5,56E-04","6,66E-04","9,68E-04",,300000,"1,90E-04",,,
100000,"3,52E-04","1,62E-04","1,71E-04","1,50E-04","3,15E-04","3,08E-04","5,30E-04","5,42E-04","6,87E-04","9,69E-04",,400000,"2,47E-04",,,
100000,"3,54E-04","1,63E-04","1,51E-04","1,50E-04","3,35E-04","3,08E-04","5,36E-04","5,41E-04","6,79E-04","9,65E-04",,500000,"3,05E-04",,,
100000,"3,53E-04","1,62E-04","1,77E-04","1,54E-04","3,14E-04","3,08E-04","5,32E-04","5,41E-04","6,79E-04","9,77E-04",,,,,,
100000,"3,52E-04","1,84E-04","1,51E-04","1,50E-04","3,14E-04","3,21E-04","5,19E-04","5,61E-04","6,70E-04","9,69E-04",,,,,,
100000,"3,87E-04","1,74E-04","1,51E-04","1,50E-04","3,14E-04","3,25E-04","5,19E-04","5,54E-04","6,65E-04","9,97E-04",,Dlugosc-slowa,Czas-SHA2-224,Czas-SHA2-256,Czas-SHA2-384,Czas-SHA2-512
100000,"3,76E-04","1,62E-04","1,51E-04","1,50E-04","3,14E-04","3,23E-04","5,19E-04","5,53E-04","6,66E-04","9,74E-04",,100000,"1,55E-04","1,53E-04","3,21E-04","3,15E-04"
100000,"3,80E-04","1,62E-04","1,51E-04","1,50E-04","3,28E-04","3,08E-04","5,10E-04","5,61E-04","6,97E-04","9,91E-04",,200000,"2,05E-04","2,06E-04","4,28E-04","4,27E-04"
100000,"3,83E-04","1,62E-04","1,52E-04","1,50E-04","3,14E-04","3,32E-04","5,20E-04","5,54E-04","6,79E-04","9,56E-04",,300000,"1,90E-04","1,89E-04","3,97E-04","3,95E-04"
100000,"3,79E-04","1,63E-04","1,52E-04","1,50E-04","3,31E-04","3,08E-04","5,19E-04","5,53E-04","6,76E-04","9,72E-04",,400000,"2,52E-04","2,52E-04","5,29E-04","5,24E-04"
100000,"3,74E-04","1,63E-04","1,51E-04","1,50E-04","3,36E-04","3,15E-04","5,36E-04","5,53E-04","6,89E-04","9,75E-04",,500000,"3,15E-04","3,14E-04","6,57E-04","6,55E-04"
100000,"3,82E-04","1,63E-04","1,51E-04","1,50E-04","3,14E-04","3,23E-04","5,19E-04","5,53E-04","6,68E-04","9,68E-04",,,,,,
100000,"3,77E-04","1,77E-04","1,51E-04","1,50E-04","3,14E-04","3,32E-04","5,20E-04","5,59E-04","6,69E-04","9,74E-04",,,,,,
100000,"3,80E-04","1,63E-04","1,52E-04","1,50E-04","3,34E-04","3,08E-04","5,19E-04","5,56E-04","6,79E-04","9,67E-04",,Dlugosc-slowa,Czas-SHA3-224,Czas-SHA3-256,Czas-SHA3-384,Czas-SHA3-512
100000,"3,52E-04","1,61E-04","1,51E-04","1,50E-04","3,32E-04","3,08E-04","5,30E-04","5,41E-04","6,83E-04","9,69E-04",,100000,"5,27E-04","5,52E-04","6,77E-04","9,73E-04"
100000,"3,69E-04","1,62E-04","1,73E-04","1,50E-04","3,14E-04","3,08E-04","5,30E-04","5,42E-04","6,80E-04","9,68E-04",,200000,"7,15E-04","7,50E-04","9,24E-04","1,33E-03"
100000,"3,75E-04","1,63E-04","1,51E-04","1,50E-04","3,35E-04","3,08E-04","5,21E-04","5,59E-04","6,81E-04","9,67E-04",,300000,"6,61E-04","6,97E-04","8,60E-04","1,23E-03"
100000,"3,52E-04","1,69E-04","1,59E-04","1,50E-04","3,37E-04","3,08E-04","5,32E-04","5,41E-04","6,76E-04","9,66E-04",,400000,"8,87E-04","9,30E-04","1,15E-03","1,67E-03"
100000,"3,80E-04","1,63E-04","1,52E-04","1,50E-04","3,29E-04","3,08E-04","5,19E-04","5,53E-04","6,78E-04","9,77E-04",,500000,"1,10E-03","1,16E-03","1,43E-03","2,06E-03"
100000,"3,53E-04","1,62E-04","1,74E-04","1,51E-04","3,15E-04","3,08E-04","5,30E-04","5,42E-04","6,82E-04","9,69E-04",,,,,,
100000,"3,80E-04","1,62E-04","1,51E-04","1,50E-04","3,14E-04","3,23E-04","5,19E-04","5,53E-04","6,78E-04","9,74E-04",,,,,,
100000,"3,53E-04","1,63E-04","1,51E-04","1,69E-04","3,15E-04","3,08E-04","5,43E-04","5,55E-04","6,91E-04","9,82E-04",,,,,,
100000,"3,80E-04","1,63E-04","1,51E-04","1,50E-04","3,14E-04","3,60E-04","5,19E-04","5,57E-04","6,65E-04","9,70E-04",,,,,,
100000,"3,52E-04","1,62E-04","1,51E-04","1,66E-04","3,15E-04","3,08E-04","5,33E-04","5,42E-04","6,85E-04","9,68E-04",,,,,,
100000,"3,72E-04","1,62E-04","1,52E-04","1,50E-04","3,15E-04","3,22E-04","5,18E-04","5,54E-04","6,67E-04","9,74E-04",,,,,,
100000,"3,73E-04","1,71E-04","1,51E-04","1,50E-04","3,14E-04","3,23E-04","5,18E-04","5,59E-04","6,66E-04","9,68E-04",,,,,,
100000,"3,52E-04","1,62E-04","1,51E-04","1,50E-04","3,36E-04","3,08E-04","5,34E-04","5,41E-04","6,84E-04","9,69E-04",,,,,,
100000,"3,51E-04","1,89E-04","1,51E-04","1,50E-04","3,14E-04","3,22E-04","5,18E-04","5,52E-04","6,65E-04","9,71E-04",,,,,,
100000,"3,71E-04","1,61E-04","1,51E-04","1,50E-04","3,14E-04","3,29E-04","5,26E-04","5,65E-04","6,79E-04","9,84E-04",,,,,,
100000,"3,52E-04","1,80E-04","1,52E-04","1,50E-04","3,14E-04","3,21E-04","5,19E-04","5,54E-04","6,70E-04","9,74E-04",,,,,,
100000,"3,73E-04","1,61E-04","1,51E-04","1,50E-04","3,41E-04","3,13E-04","5,21E-04","5,54E-04","6,82E-04","1,02E-03",,,,,,
100000,"3,51E-04","1,91E-04","1,53E-04","1,50E-04","3,15E-04","3,08E-04","5,33E-04","5,54E-04","6,66E-04","9,68E-04",,,,,,
100000,"3,74E-04","1,62E-04","1,51E-04","1,50E-04","3,14E-04","3,21E-04","5,22E-04","5,60E-04","6,81E-04","9,60E-04",,,,,,
100000,"3,52E-04","1,61E-04","1,51E-04","1,75E-04","3,15E-04","3,08E-04","5,31E-04","5,42E-04","6,78E-04","9,70E-04",,,,,,
100000,"3,51E-04","1,60E-04","1,51E-04","1,50E-04","3,37E-04","3,08E-04","5,39E-04","5,47E-04","6,87E-04","9,90E-04",,,,,,
100000,"3,79E-04","1,61E-04","1,51E-04","1,50E-04","3,14E-04","3,34E-04","5,19E-04","5,54E-04","6,77E-04","9,74E-04",,,,,,
100000,"3,52E-04","1,61E-04","1,71E-04","1,50E-04","3,14E-04","3,08E-04","5,37E-04","5,41E-04","6,78E-04","9,67E-04",,,,,,
100000,"3,51E-04","1,61E-04","1,51E-04","1,65E-04","3,14E-04","3,08E-04","5,27E-04","5,41E-04","6,84E-04","9,68E-04",,,,,,
100000,"3,79E-04","1,62E-04","1,51E-04","1,50E-04","3,15E-04","3,28E-04","5,20E-04","5,58E-04","6,80E-04","9,59E-04",,,,,,
100000,"3,52E-04","1,84E-04","1,52E-04","1,50E-04","3,14E-04","3,08E-04","5,38E-04","5,77E-04","6,68E-04","1,00E-03",,,,,,
100000,"3,52E-04","1,61E-04","1,51E-04","1,76E-04","3,22E-04","3,08E-04","5,33E-04","5,51E-04","6,96E-04","9,87E-04",,,,,,
100000,"3,73E-04","1,62E-04","1,51E-04","1,50E-04","3,14E-04","3,27E-04","5,19E-04","5,61E-04","6,66E-04","1,01E-03",,,,,,
100000,"3,78E-04","1,76E-04","1,51E-04","1,50E-04","3,13E-04","3,32E-04","5,19E-04","5,55E-04","6,67E-04","9,70E-04",,,,,,
100000,"3,51E-04","1,60E-04","1,51E-04","1,72E-04","3,15E-04","3,08E-04","5,39E-04","5,41E-04","6,77E-04","9,68E-04",,,,,,
100000,"3,52E-04","1,61E-04","1,51E-04","1,50E-04","3,32E-04","3,08E-04","5,29E-04","5,41E-04","6,87E-04","9,70E-04",,,,,,
100000,"3,52E-04","1,62E-04","1,52E-04","1,68E-04","3,15E-04","3,08E-04","5,36E-04","5,43E-04","6,83E-04","9,69E-04",,,,,,
100000,"3,52E-04","1,61E-04","1,51E-04","1,80E-04","3,29E-04","3,08E-04","5,29E-04","5,42E-04","6,77E-04","9,70E-04",,,,,,
100000,"3,52E-04","1,61E-04","1,85E-04","1,56E-04","3,14E-04","3,08E-04","5,31E-04","5,53E-04","6,66E-04","9,67E-04",,,,,,
100000,"3,84E-04","1,62E-04","1,52E-04","1,50E-04","3,27E-04","3,09E-04","5,19E-04","5,59E-04","6,84E-04","9,67E-04",,,,,,
100000,"3,84E-04","1,76E-04","1,51E-04","1,50E-04","3,14E-04","3,29E-04","5,19E-04","5,54E-04","6,69E-04","9,70E-04",,,,,,
100000,"3,53E-04","1,61E-04","1,51E-04","1,71E-04","3,15E-04","3,08E-04","5,49E-04","5,51E-04","6,97E-04","9,92E-04",,,,,,
100000,"3,51E-04","1,61E-04","1,51E-04","1,76E-04","3,16E-04","3,08E-04","5,39E-04","5,50E-04","6,95E-04","9,85E-04",,,,,,
100000,"3,79E-04","1,62E-04","1,51E-04","1,50E-04","3,38E-04","3,11E-04","5,19E-04","5,55E-04","6,82E-04","9,73E-04",,,,,,
100000,"3,52E-04","1,87E-04","1,54E-04","1,50E-04","3,15E-04","3,31E-04","5,19E-04","5,53E-04","6,66E-04","9,67E-04",,,,,,
100000,"3,52E-04","1,60E-04","1,51E-04","1,69E-04","3,15E-04","3,08E-04","5,47E-04","5,51E-04","6,82E-04","9,80E-04",,,,,,
100000,"3,79E-04","1,61E-04","1,51E-04","1,50E-04","3,28E-04","3,08E-04","5,18E-04","5,53E-04","6,79E-04","9,78E-04",,,,,,
100000,"3,51E-04","1,80E-04","1,51E-04","1,50E-04","3,14E-04","3,14E-04","5,30E-04","5,52E-04","6,65E-04","9,73E-04",,,,,,
100000,"3,52E-04","1,61E-04","1,51E-04","1,75E-04","3,15E-04","3,08E-04","5,30E-04","5,42E-04","6,76E-04","9,68E-04",,,,,,
100000,"3,52E-04","1,86E-04","1,58E-04","1,50E-04","3,14E-04","3,34E-04","5,20E-04","5,56E-04","6,70E-04","9,73E-04",,,,,,
100000,"3,52E-04","1,61E-04","1,51E-04","1,71E-04","3,15E-04","3,08E-04","5,36E-04","5,41E-04","6,74E-04","9,68E-04",,,,,,
100000,"3,51E-04","1,60E-04","1,51E-04","1,50E-04","3,31E-04","3,08E-04","5,33E-04","5,47E-04","6,77E-04","9,72E-04",,,,,,
100000,"3,78E-04","1,61E-04","1,51E-04","1,50E-04","3,29E-04","3,08E-04","5,18E-04","5,53E-04","6,78E-04","9,77E-04",,,,,,
100000,"3,74E-04","1,61E-04","1,51E-04","1,50E-04","3,14E-04","3,22E-04","5,19E-04","5,53E-04","6,67E-04","9,74E-04",,,,,,
100000,"3,83E-04","1,61E-04","1,51E-04","1,50E-04","3,14E-04","3,23E-04","5,19E-04","5,54E-04","6,66E-04","9,65E-04",,,,,,
100000,"3,72E-04","1,61E-04","1,51E-04","1,50E-04","3,42E-04","3,08E-04","5,19E-04","5,62E-04","6,77E-04","9,68E-04",,,,,,
100000,"3,83E-04","1,62E-04","1,51E-04","1,50E-04","3,14E-04","3,28E-04","5,18E-04","5,54E-04","6,66E-04","9,70E-04",,,,,,
100000,"3,51E-04","1,84E-04","1,52E-04","1,50E-04","3,14E-04","3,30E-04","5,19E-04","5,54E-04","6,65E-04","9,66E-04",,,,,,
100000,"3,52E-04","1,61E-04","1,78E-04","1,54E-04","3,15E-04","3,08E-04","5,32E-04","5,41E-04","6,77E-04","9,68E-04",,,,,,
100000,"3,52E-04","1,61E-04","1,51E-04","1,50E-04","3,36E-04","3,09E-04","5,30E-04","5,42E-04","6,76E-04","9,70E-04",,,,,,
100000,"3,97E-04","1,62E-04","1,51E-04","1,50E-04","3,14E-04","3,30E-04","5,19E-04","5,53E-04","6,66E-04","9,69E-04",,,,,,
100000,"3,52E-04","1,61E-04","2,09E-04","1,51E-04","3,15E-04","3,22E-04","5,40E-04","5,43E-04","6,81E-04","9,69E-04",,,,,,
100000,"3,73E-04","1,62E-04","1,51E-04","1,50E-04","3,29E-04","3,09E-04","5,18E-04","5,52E-04","6,83E-04","9,74E-04",,,,,,
100000,"3,93E-04","1,61E-04","1,51E-04","1,50E-04","3,40E-04","3,08E-04","5,18E-04","5,54E-04","6,79E-04","9,69E-04",,,,,,
100000,"3,71E-04","1,61E-04","1,51E-04","1,50E-04","3,14E-04","3,29E-04","5,18E-04","5,52E-04","6,65E-04","9,66E-04",,,,,,
100000,"3,51E-04","1,61E-04","1,71E-04","1,50E-04","3,15E-04","3,09E-04","5,43E-04","5,67E-04","6,80E-04","9,89E-04",,,,,,
100000,"3,74E-04","1,63E-04","1,51E-04","1,50E-04","3,14E-04","3,25E-04","5,19E-04","5,53E-04","6,66E-04","9,67E-04",,,,,,
100000,"3,77E-04","1,63E-04","1,51E-04","1,50E-04","3,14E-04","3,22E-04","5,18E-04","5,53E-04","6,66E-04","9,66E-04",,,,,,
100000,"3,51E-04","1,61E-04","1,70E-04","1,50E-04","3,14E-04","3,08E-04","5,36E-04","5,42E-04","6,88E-04","9,68E-04",,,,,,
100000,"3,52E-04","1,61E-04","1,84E-04","1,50E-04","3,15E-04","3,08E-04","5,42E-04","5,62E-04","6,80E-04","9,87E-04",,,,,,
100000,"3,52E-04","1,81E-04","1,51E-04","1,50E-04","3,14E-04","3,20E-04","5,33E-04","5,70E-04","6,80E-04","9,91E-04",,,,,,
100000,"3,52E-04","1,80E-04","1,51E-04","1,50E-04","3,15E-04","3,08E-04","5,35E-04","5,58E-04","6,66E-04","9,69E-04",,,,,,
100000,"3,52E-04","1,60E-04","1,51E-04","1,50E-04","3,35E-04","3,08E-04","5,68E-04","5,75E-04","6,98E-04","1,02E-03",,,,,,
100000,"3,80E-04","1,62E-04","1,52E-04","1,50E-04","3,32E-04","3,08E-04","5,20E-04","5,53E-04","6,85E-04","9,73E-04",,,,,,
100000,"3,52E-04","1,60E-04","1,51E-04","1,50E-04","3,32E-04","3,08E-04","5,41E-04","5,44E-04","6,78E-04","9,68E-04",,,,,,
100000,"3,63E-04","1,61E-04","1,51E-04","1,50E-04","3,31E-04","3,08E-04","5,29E-04","5,40E-04","6,82E-04","9,68E-04",,,,,,
100000,"3,75E-04","1,62E-04","1,51E-04","1,50E-04","3,29E-04","3,08E-04","5,33E-04","5,71E-04","7,01E-04","9,87E-04",,,,,,
100000,"3,52E-04","1,61E-04","1,72E-04","1,52E-04","3,15E-04","3,08E-04","5,32E-04","5,42E-04","6,78E-04","9,66E-04",,,,,,
100000,"3,52E-04","1,61E-04","1,51E-04","1,50E-04","3,35E-04","3,08E-04","5,29E-04","5,41E-04","6,79E-04","9,68E-04",,,,,,
100000,"3,52E-04","1,86E-04","1,52E-04","1,50E-04","3,15E-04","3,08E-04","5,35E-04","5,53E-04","6,67E-04","9,71E-04",,,,,,
200000,"6,77E-04","3,20E-04","2,97E-04","2,95E-04","6,30E-04","6,10E-04","1,04E-03","1,09E-03","1,34E-03","1,93E-03",,,,,,
200000,"6,77E-04","3,13E-04","2,96E-04","2,95E-04","6,30E-04","6,32E-04","1,04E-03","1,11E-03","1,34E-03","1,94E-03",,,,,,
200000,"6,99E-04","2,97E-04","2,96E-04","3,13E-04","6,17E-04","6,22E-04","1,04E-03","1,09E-03","1,35E-03","1,92E-03",,,,,,
200000,"6,77E-04","3,13E-04","2,97E-04","2,95E-04","6,29E-04","6,10E-04","1,06E-03","1,09E-03","1,34E-03","1,93E-03",,,,,,
200000,"7,00E-04","2,98E-04","2,96E-04","3,11E-04","6,17E-04","6,24E-04","1,04E-03","1,09E-03","1,35E-03","1,92E-03",,,,,,
200000,"6,77E-04","3,19E-04","2,96E-04","2,95E-04","6,36E-04","6,23E-04","1,06E-03","1,11E-03","1,36E-03","1,95E-03",,,,,,
200000,"6,99E-04","2,98E-04","3,14E-04","2,95E-04","6,17E-04","6,19E-04","1,04E-03","1,09E-03","1,35E-03","1,92E-03",,,,,,
200000,"6,77E-04","3,19E-04","2,97E-04","2,95E-04","6,31E-04","6,24E-04","1,05E-03","1,09E-03","1,34E-03","1,93E-03",,,,,,
200000,"6,97E-04","2,98E-04","3,09E-04","2,95E-04","6,16E-04","6,21E-04","1,04E-03","1,10E-03","1,35E-03","1,93E-03",,,,,,
200000,"6,77E-04","3,14E-04","2,97E-04","2,95E-04","6,30E-04","6,10E-04","1,04E-03","1,09E-03","1,34E-03","1,93E-03",,,,,,
200000,"7,03E-04","2,98E-04","2,97E-04","3,09E-04","6,16E-04","6,63E-04","1,04E-03","1,09E-03","1,35E-03","1,93E-03",,,,,,
200000,"6,78E-04","3,25E-04","2,96E-04","2,95E-04","6,31E-04","6,29E-04","1,04E-03","1,10E-03","1,34E-03","1,93E-03",,,,,,
200000,"6,77E-04","3,18E-04","2,97E-04","2,95E-04","6,40E-04","6,10E-04","1,04E-03","1,10E-03","1,34E-03","1,93E-03",,,,,,
200000,"7,03E-04","2,98E-04","2,96E-04","3,10E-04","6,17E-04","6,24E-04","1,04E-03","1,08E-03","1,34E-03","1,96E-03",,,,,,
200000,"6,78E-04","3,16E-04","2,97E-04","2,95E-04","6,31E-04","6,23E-04","1,07E-03","1,12E-03","1,34E-03","1,93E-03",,,,,,
200000,"7,05E-04","2,98E-04","3,09E-04","2,95E-04","6,17E-04","6,21E-04","1,04E-03","1,09E-03","1,35E-03","1,92E-03",,,,,,
200000,"7,15E-04","2,98E-04","2,96E-04","3,08E-04","6,18E-04","6,22E-04","1,04E-03","1,09E-03","1,35E-03","1,93E-03",,,,,,
200000,"6,77E-04","3,19E-04","2,96E-04","2,94E-04","6,34E-04","6,22E-04","1,04E-03","1,09E-03","1,34E-03","1,93E-03",,,,,,
200000,"6,77E-04","3,26E-04","2,96E-04","2,94E-04","6,30E-04","6,22E-04","1,04E-03","1,09E-03","1,34E-03","1,93E-03",,,,,,
200000,"7,02E-04","2,98E-04","2,97E-04","3,08E-04","6,17E-04","6,22E-04","1,04E-03","1,09E-03","1,36E-03","1,94E-03",,,,,,
200000,"6,77E-04","3,25E-04","2,97E-04","2,95E-04","6,30E-04","6,10E-04","1,05E-03","1,10E-03","1,36E-03","1,93E-03",,,,,,
200000,"7,06E-04","3,03E-04","2,96E-04","3,16E-04","6,17E-04","6,26E-04","1,03E-03","1,09E-03","1,34E-03","1,93E-03",,,,,,
200000,"6,77E-04","3,25E-04","2,96E-04","2,94E-04","6,31E-04","6,24E-04","1,06E-03","1,09E-03","1,34E-03","1,93E-03",,,,,,
200000,"6,93E-04","2,97E-04","2,96E-04","3,09E-04","6,18E-04","6,22E-04","1,04E-03","1,10E-03","1,35E-03","1,92E-03",,,,,,
200000,"6,77E-04","3,15E-04","2,97E-04","2,95E-04","6,28E-04","6,34E-04","1,04E-03","1,09E-03","1,34E-03","2,03E-03",,,,,,
200000,"6,94E-04","2,97E-04","2,96E-04","3,09E-04","6,17E-04","6,28E-04","1,04E-03","1,09E-03","1,34E-03","1,96E-03",,,,,,
200000,"6,77E-04","3,18E-04","2,96E-04","2,95E-04","6,31E-04","6,10E-04","1,04E-03","1,09E-03","1,35E-03","1,93E-03",,,,,,
200000,"6,99E-04","2,98E-04","2,96E-04","3,16E-04","6,17E-04","6,21E-04","1,04E-03","1,09E-03","1,34E-03","1,93E-03",,,,,,
200000,"6,78E-04","3,13E-04","2,97E-04","2,94E-04","6,31E-04","6,24E-04","1,04E-03","1,09E-03","1,34E-03","1,93E-03",,,,,,
200000,"6,95E-04","2,94E-04","2,93E-04","3,08E-04","6,10E-04","6,16E-04","1,03E-03","1,09E-03","1,33E-03","1,91E-03",,,,,,
200000,"6,74E-04","2,90E-04","2,89E-04","3,00E-04","6,03E-04","6,35E-04","1,02E-03","1,07E-03","1,31E-03","1,88E-03",,,,,,
200000,"6,54E-04","3,06E-04","2,86E-04","2,85E-04","6,09E-04","5,89E-04","1,00E-03","1,05E-03","1,32E-03","1,86E-03",,,,,,
200000,"6,57E-04","2,81E-04","2,79E-04","2,94E-04","5,83E-04","5,96E-04","9,79E-04","1,03E-03","1,26E-03","1,83E-03",,,,,,
200000,"6,41E-04","2,77E-04","2,74E-04","2,87E-04","5,70E-04","5,74E-04","9,59E-04","1,04E-03","1,24E-03","1,78E-03",,,,,,
200000,"6,33E-04","2,69E-04","2,67E-04","2,87E-04","5,58E-04","5,64E-04","9,37E-04","9,93E-04","1,24E-03","1,75E-03",,,,,,
200000,"5,99E-04","2,63E-04","2,82E-04","2,61E-04","5,46E-04","5,52E-04","9,18E-04","9,65E-04","1,19E-03","1,71E-03",,,,,,
200000,"5,85E-04","2,57E-04","2,76E-04","2,56E-04","5,33E-04","5,48E-04","8,99E-04","9,42E-04","1,16E-03","1,67E-03",,,,,,
200000,"5,71E-04","2,51E-04","2,68E-04","2,49E-04","5,20E-04","5,32E-04","8,78E-04","9,16E-04","1,12E-03","1,61E-03",,,,,,
200000,"5,67E-04","2,42E-04","2,41E-04","2,63E-04","5,08E-04","5,18E-04","8,37E-04","8,90E-04","1,10E-03","1,58E-03",,,,,,
200000,"5,39E-04","2,37E-04","2,60E-04","2,35E-04","4,90E-04","5,05E-04","8,51E-04","8,70E-04","1,06E-03","1,53E-03",,,,,,
200000,"5,22E-04","2,39E-04","2,28E-04","2,27E-04","4,90E-04","4,70E-04","8,05E-04","8,41E-04","1,03E-03","1,48E-03",,,,,,
200000,"5,29E-04","2,24E-04","2,23E-04","2,22E-04","4,73E-04","4,59E-04","7,82E-04","8,21E-04","1,01E-03","1,44E-03",,,,,,
200000,"4,95E-04","2,17E-04","2,28E-04","2,15E-04","4,50E-04","4,59E-04","7,63E-04","7,86E-04","9,78E-04","1,41E-03",,,,,,
200000,"5,00E-04","2,13E-04","2,11E-04","2,11E-04","4,55E-04","4,36E-04","8,60E-04","8,79E-04","1,16E-03","1,64E-03",,,,,,
200000,"4,91E-04","2,06E-04","2,05E-04","2,15E-04","4,27E-04","4,21E-04","7,18E-04","7,53E-04","9,30E-04","1,33E-03",,,,,,
200000,"4,69E-04","2,01E-04","2,00E-04","1,99E-04","4,23E-04","4,12E-04","7,02E-04","7,29E-04","9,11E-04","1,31E-03",,,,,,
200000,"4,61E-04","1,96E-04","1,96E-04","2,07E-04","4,07E-04","4,02E-04","6,87E-04","7,24E-04","8,88E-04","1,27E-03",,,,,,
200000,"4,36E-04","1,91E-04","2,01E-04","1,91E-04","3,97E-04","4,06E-04","6,63E-04","7,05E-04","8,61E-04","1,24E-03",,,,,,
200000,"4,26E-04","2,03E-04","1,86E-04","1,85E-04","3,88E-04","3,91E-04","6,45E-04","6,89E-04","8,47E-04","1,21E-03",,,,,,
200000,"4,17E-04","1,83E-04","1,82E-04","1,96E-04","3,80E-04","3,75E-04","6,51E-04","6,73E-04","8,30E-04","1,18E-03",,,,,,
200000,"4,08E-04","1,80E-04","1,78E-04","1,90E-04","3,72E-04","3,67E-04","6,31E-04","6,51E-04","7,90E-04","1,15E-03",,,,,,
200000,"4,09E-04","1,75E-04","1,73E-04","1,72E-04","3,69E-04","3,56E-04","5,98E-04","6,36E-04","7,85E-04","1,12E-03",,,,,,
200000,"3,88E-04","1,84E-04","1,70E-04","1,68E-04","3,53E-04","3,57E-04","5,86E-04","6,22E-04","7,70E-04","1,11E-03",,,,,,
200000,"3,80E-04","1,67E-04","1,82E-04","1,65E-04","3,45E-04","3,41E-04","5,88E-04","6,10E-04","7,48E-04","1,08E-03",,,,,,
200000,"3,72E-04","1,64E-04","1,63E-04","1,62E-04","3,51E-04","3,35E-04","5,72E-04","5,92E-04","7,38E-04","1,05E-03",,,,,,
200000,"3,66E-04","1,73E-04","1,60E-04","1,59E-04","3,32E-04","3,39E-04","5,52E-04","5,92E-04","7,22E-04","1,04E-03",,,,,,
200000,"3,68E-04","1,57E-04","1,57E-04","1,56E-04","3,38E-04","3,26E-04","5,42E-04","5,76E-04","7,24E-04","1,02E-03",,,,,,
200000,"3,52E-04","1,68E-04","1,54E-04","1,58E-04","3,49E-04","3,59E-04","5,32E-04","5,67E-04","6,88E-04","9,88E-04",,,,,,
200000,"3,54E-04","1,53E-04","1,51E-04","1,50E-04","3,14E-04","3,18E-04","5,18E-04","5,49E-04","6,70E-04","9,71E-04",,,,,,
200000,"3,36E-04","1,48E-04","1,47E-04","1,46E-04","3,12E-04","3,03E-04","5,15E-04","5,34E-04","6,66E-04","9,54E-04",,,,,,
200000,"3,42E-04","1,46E-04","1,44E-04","1,44E-04","3,00E-04","3,05E-04","4,99E-04","5,30E-04","6,46E-04","9,35E-04",,,,,,
200000,"3,25E-04","1,42E-04","1,42E-04","1,49E-04","2,95E-04","2,92E-04","4,95E-04","5,16E-04","6,41E-04","9,18E-04",,,,,,
200000,"3,27E-04","1,41E-04","1,39E-04","1,39E-04","2,90E-04","2,94E-04","4,82E-04","5,12E-04","6,26E-04","9,05E-04",,,,,,
200000,"3,15E-04","1,48E-04","1,37E-04","1,36E-04","2,86E-04","2,82E-04","4,81E-04","4,99E-04","6,22E-04","8,91E-04",,,,,,
200000,"3,20E-04","1,37E-04","1,35E-04","1,34E-04","2,81E-04","2,85E-04","4,68E-04","4,96E-04","6,08E-04","8,77E-04",,,,,,
200000,"3,14E-04","1,34E-04","1,33E-04","1,32E-04","2,77E-04","2,73E-04","4,66E-04","4,83E-04","6,04E-04","8,64E-04",,,,,,
200000,"3,11E-04","1,32E-04","1,31E-04","1,30E-04","2,72E-04","2,69E-04","4,59E-04","4,76E-04","5,90E-04","8,47E-04",,,,,,
200000,"2,94E-04","1,29E-04","1,29E-04","1,43E-04","2,72E-04","2,65E-04","4,52E-04","4,68E-04","5,82E-04","8,28E-04",,,,,,
200000,"2,98E-04","1,28E-04","1,27E-04","1,26E-04","2,63E-04","2,66E-04","4,39E-04","4,66E-04","5,67E-04","8,21E-04",,,,,,
200000,"2,90E-04","1,28E-04","1,27E-04","1,37E-04","2,69E-04","2,65E-04","4,46E-04","4,61E-04","5,82E-04","8,21E-04",,,,,,
200000,"3,03E-04","1,28E-04","1,27E-04","1,26E-04","2,63E-04","2,67E-04","4,38E-04","4,61E-04","5,73E-04","8,22E-04",,,,,,
200000,"2,90E-04","1,28E-04","1,26E-04","1,35E-04","2,64E-04","2,61E-04","4,50E-04","4,66E-04","5,88E-04","8,37E-04",,,,,,
200000,"2,99E-04","1,28E-04","1,27E-04","1,26E-04","2,64E-04","2,71E-04","4,38E-04","4,75E-04","5,73E-04","8,26E-04",,,,,,
200000,"2,90E-04","1,39E-04","1,27E-04","1,26E-04","2,64E-04","2,61E-04","4,44E-04","4,61E-04","5,74E-04","8,21E-04",,,,,,
200000,"3,00E-04","1,28E-04","1,27E-04","1,26E-04","2,64E-04","2,61E-04","4,49E-04","4,61E-04","5,72E-04","8,31E-04",,,,,,
200000,"2,90E-04","1,37E-04","1,27E-04","1,26E-04","2,64E-04","2,61E-04","4,48E-04","4,61E-04","5,74E-04","8,21E-04",,,,,,
200000,"3,06E-04","1,29E-04","1,26E-04","1,26E-04","2,64E-04","2,68E-04","4,37E-04","4,60E-04","5,72E-04","8,24E-04",,,,,,
200000,"2,90E-04","1,28E-04","1,38E-04","1,27E-04","2,64E-04","2,61E-04","4,46E-04","4,59E-04","5,74E-04","8,22E-04",,,,,,
200000,"3,02E-04","1,28E-04","1,27E-04","1,26E-04","2,63E-04","2,67E-04","4,38E-04","4,61E-04","5,75E-04","8,23E-04",,,,,,
200000,"3,00E-04","1,28E-04","1,27E-04","1,26E-04","2,63E-04","2,68E-04","4,38E-04","4,66E-04","5,69E-04","8,27E-04",,,,,,
200000,"3,06E-04","1,28E-04","1,27E-04","1,26E-04","2,63E-04","2,68E-04","4,38E-04","4,67E-04","5,67E-04","8,21E-04",,,,,,
200000,"3,00E-04","1,28E-04","1,27E-04","1,26E-04","2,64E-04","2,67E-04","4,37E-04","4,68E-04","5,67E-04","8,26E-04",,,,,,
200000,"3,03E-04","1,28E-04","1,27E-04","1,26E-04","2,63E-04","2,69E-04","4,54E-04","5,02E-04","5,98E-04","8,21E-04",,,,,,
200000,"2,98E-04","1,28E-04","1,26E-04","1,26E-04","2,64E-04","2,68E-04","4,39E-04","4,61E-04","5,72E-04","8,21E-04",,,,,,
200000,"2,91E-04","1,28E-04","1,27E-04","1,36E-04","2,64E-04","2,61E-04","4,44E-04","4,61E-04","5,77E-04","8,16E-04",,,,,,
200000,"2,90E-04","1,44E-04","1,27E-04","1,26E-04","2,64E-04","2,61E-04","4,42E-04","4,61E-04","5,73E-04","8,37E-04",,,,,,
200000,"2,90E-04","1,28E-04","1,26E-04","1,26E-04","2,69E-04","2,61E-04","4,38E-04","4,67E-04","5,68E-04","8,20E-04",,,,,,
200000,"2,90E-04","1,28E-04","1,27E-04","1,26E-04","2,70E-04","2,61E-04","4,23E-04","4,50E-04","5,81E-04","8,34E-04",,,,,,
200000,"3,03E-04","1,28E-04","1,27E-04","1,26E-04","2,63E-04","2,67E-04","4,38E-04","4,60E-04","5,76E-04","8,20E-04",,,,,,
200000,"2,91E-04","2,35E-04","1,63E-04","1,58E-04","3,32E-04","3,40E-04","5,11E-04","4,69E-04","5,72E-04","8,28E-04",,,,,,
200000,"3,62E-04","1,50E-04","1,26E-04","1,26E-04","2,74E-04","2,61E-04","4,38E-04","4,71E-04","5,69E-04","8,28E-04",,,,,,
200000,"2,90E-04","1,28E-04","1,27E-04","1,26E-04","2,69E-04","2,61E-04","4,49E-04","4,59E-04","5,80E-04","8,43E-04",,,,,,
200000,"2,90E-04","1,28E-04","1,26E-04","1,26E-04","2,72E-04","2,61E-04","4,38E-04","4,69E-04","5,67E-04","8,25E-04",,,,,,
200000,"2,90E-04","1,28E-04","1,26E-04","1,26E-04","2,73E-04","2,61E-04","4,38E-04","4,67E-04","5,67E-04","8,28E-04",,,,,,
200000,"2,90E-04","1,28E-04","1,26E-04","1,26E-04","2,73E-04","2,61E-04","4,38E-04","4,74E-04","5,67E-04","8,23E-04",,,,,,
200000,"2,90E-04","1,41E-04","1,27E-04","1,26E-04","2,64E-04","2,61E-04","4,50E-04","4,61E-04","5,74E-04","8,24E-04",,,,,,
200000,"2,90E-04","1,38E-04","1,27E-04","1,26E-04","2,64E-04","2,61E-04","4,45E-04","4,61E-04","5,75E-04","8,22E-04",,,,,,
200000,"2,90E-04","1,27E-04","1,27E-04","1,26E-04","2,70E-04","2,61E-04","4,38E-04","4,67E-04","5,69E-04","8,32E-04",,,,,,
200000,"2,90E-04","1,28E-04","1,26E-04","1,26E-04","2,75E-04","2,61E-04","4,39E-04","4,67E-04","5,67E-04","8,26E-04",,,,,,
200000,"2,90E-04","1,28E-04","1,27E-04","1,26E-04","2,64E-04","2,70E-04","4,43E-04","4,67E-04","5,76E-04","8,33E-04",,,,,,
300000,"4,29E-04","1,86E-04","1,88E-04","1,93E-04","3,93E-04","3,90E-04","6,59E-04","6,95E-04","8,56E-04","1,23E-03",,,,,,
300000,"4,29E-04","1,86E-04","1,89E-04","1,98E-04","3,94E-04","3,90E-04","6,63E-04","6,96E-04","8,59E-04","1,24E-03",,,,,,
300000,"4,29E-04","1,86E-04","1,95E-04","1,88E-04","3,94E-04","4,00E-04","6,55E-04","7,04E-04","8,60E-04","1,23E-03",,,,,,
300000,"4,36E-04","1,86E-04","1,89E-04","1,88E-04","3,99E-04","3,90E-04","6,64E-04","7,00E-04","8,90E-04","1,28E-03",,,,,,
300000,"4,29E-04","1,87E-04","1,97E-04","1,88E-04","3,94E-04","3,90E-04","6,64E-04","7,01E-04","8,59E-04","1,23E-03",,,,,,
300000,"4,29E-04","1,87E-04","1,97E-04","1,88E-04","3,93E-04","3,96E-04","6,55E-04","6,96E-04","8,57E-04","1,23E-03",,,,,,
300000,"4,29E-04","1,86E-04","1,94E-04","1,88E-04","3,93E-04","3,97E-04","6,38E-04","6,77E-04","8,72E-04","1,25E-03",,,,,,
300000,"4,39E-04","1,86E-04","1,89E-04","1,88E-04","3,93E-04","3,96E-04","6,60E-04","6,88E-04","8,56E-04","1,23E-03",,,,,,
300000,"4,29E-04","1,86E-04","1,96E-04","1,88E-04","3,93E-04","3,98E-04","6,55E-04","6,95E-04","8,57E-04","1,23E-03",,,,,,
300000,"4,38E-04","1,86E-04","1,88E-04","1,88E-04","3,98E-04","3,90E-04","6,63E-04","6,97E-04","8,50E-04","1,23E-03",,,,,,
300000,"4,37E-04","1,86E-04","1,89E-04","1,88E-04","4,02E-04","3,90E-04","6,61E-04","6,91E-04","8,55E-04","1,23E-03",,,,,,
300000,"4,29E-04","1,94E-04","1,89E-04","1,88E-04","3,94E-04","3,99E-04","6,56E-04","7,02E-04","8,61E-04","1,23E-03",,,,,,
300000,"4,38E-04","1,86E-04","1,89E-04","1,88E-04","4,06E-04","3,91E-04","6,62E-04","7,13E-04","8,50E-04","1,23E-03",,,,,,
300000,"4,34E-04","1,86E-04","1,89E-04","1,88E-04","3,99E-04","3,90E-04","6,59E-04","6,90E-04","8,58E-04","1,23E-03",,,,,,
300000,"4,29E-04","1,86E-04","1,88E-04","1,97E-04","3,94E-04","3,90E-04","6,61E-04","6,99E-04","8,59E-04","1,23E-03",,,,,,
300000,"4,36E-04","1,87E-04","1,89E-04","1,88E-04","3,94E-04","3,95E-04","6,84E-04","7,08E-04","8,77E-04","1,24E-03",,,,,,
300000,"4,38E-04","1,86E-04","1,89E-04","1,88E-04","4,00E-04","3,90E-04","6,63E-04","6,91E-04","8,64E-04","1,23E-03",,,,,,
300000,"4,29E-04","1,94E-04","1,89E-04","1,88E-04","3,94E-04","3,98E-04","6,56E-04","6,96E-04","8,56E-04","1,23E-03",,,,,,
300000,"4,29E-04","1,98E-04","1,89E-04","1,88E-04","3,93E-04","3,97E-04","6,55E-04","6,96E-04","8,57E-04","1,23E-03",,,,,,
300000,"4,29E-04","1,95E-04","1,88E-04","1,88E-04","3,93E-04","3,96E-04","6,54E-04","6,94E-04","8,56E-04","1,23E-03",,,,,,
300000,"4,38E-04","1,86E-04","1,89E-04","1,88E-04","4,03E-04","3,90E-04","6,61E-04","6,90E-04","8,56E-04","1,24E-03",,,,,,
300000,"4,29E-04","1,87E-04","2,02E-04","1,88E-04","3,94E-04","3,96E-04","6,55E-04","6,96E-04","8,57E-04","1,23E-03",,,,,,
300000,"4,29E-04","1,86E-04","1,97E-04","1,89E-04","3,93E-04","3,90E-04","6,67E-04","6,97E-04","8,60E-04","1,23E-03",,,,,,
300000,"4,29E-04","1,86E-04","1,88E-04","1,95E-04","3,93E-04","3,90E-04","6,60E-04","6,95E-04","8,82E-04","1,23E-03",,,,,,
300000,"4,29E-04","1,86E-04","1,88E-04","1,96E-04","3,94E-04","3,90E-04","6,61E-04","6,99E-04","8,55E-04","1,23E-03",,,,,,
300000,"4,29E-04","1,86E-04","1,89E-04","1,95E-04","3,94E-04","3,90E-04","6,60E-04","6,96E-04","8,54E-04","1,23E-03",,,,,,
300000,"4,28E-04","1,86E-04","1,89E-04","1,96E-04","3,93E-04","3,90E-04","6,59E-04","6,94E-04","8,55E-04","1,23E-03",,,,,,
300000,"4,29E-04","1,86E-04","1,96E-04","1,88E-04","3,93E-04","4,00E-04","6,55E-04","6,96E-04","8,58E-04","1,23E-03",,,,,,
300000,"4,36E-04","1,86E-04","1,88E-04","1,88E-04","3,93E-04","3,96E-04","6,61E-04","6,90E-04","8,58E-04","1,23E-03",,,,,,
300000,"4,36E-04","1,86E-04","1,89E-04","1,88E-04","4,01E-04","3,90E-04","6,62E-04","6,90E-04","8,59E-04","1,23E-03",,,,,,
300000,"4,36E-04","1,86E-04","1,89E-04","1,88E-04","3,93E-04","3,96E-04","6,60E-04","6,90E-04","8,57E-04","1,23E-03",,,,,,
300000,"4,38E-04","1,95E-04","1,89E-04","1,88E-04","3,95E-04","3,99E-04","6,55E-04","6,96E-04","8,55E-04","1,23E-03",,,,,,
300000,"4,29E-04","1,93E-04","1,89E-04","1,88E-04","3,94E-04","3,97E-04","6,54E-04","6,98E-04","8,57E-04","1,23E-03",,,,,,
300000,"4,38E-04","1,86E-04","1,89E-04","1,88E-04","4,00E-04","3,90E-04","6,61E-04","6,98E-04","8,52E-04","1,23E-03",,,,,,
300000,"4,29E-04","1,86E-04","1,98E-04","1,88E-04","3,93E-04","3,95E-04","6,55E-04","6,96E-04","8,57E-04","1,25E-03",,,,,,
300000,"4,29E-04","1,86E-04","1,88E-04","1,94E-04","3,94E-04","3,90E-04","6,60E-04","6,97E-04","8,55E-04","1,23E-03",,,,,,
300000,"4,40E-04","1,86E-04","1,88E-04","1,88E-04","3,99E-04","3,90E-04","6,64E-04","6,91E-04","8,55E-04","1,23E-03",,,,,,
300000,"4,28E-04","1,93E-04","1,88E-04","1,88E-04","3,94E-04","3,97E-04","6,55E-04","6,98E-04","8,56E-04","1,23E-03",,,,,,
300000,"4,29E-04","1,86E-04","1,95E-04","1,88E-04","3,93E-04","3,96E-04","6,55E-04","7,05E-04","8,78E-04","1,23E-03",,,,,,
300000,"4,30E-04","1,95E-04","1,89E-04","1,88E-04","3,93E-04","3,99E-04","6,61E-04","6,90E-04","8,56E-04","1,23E-03",,,,,,
300000,"4,41E-04","1,86E-04","1,89E-04","1,88E-04","4,00E-04","3,90E-04","6,64E-04","6,96E-04","8,50E-04","1,24E-03",,,,,,
300000,"4,43E-04","1,86E-04","1,88E-04","1,88E-04","4,00E-04","3,90E-04","6,61E-04","6,96E-04","8,50E-04","1,24E-03",,,,,,
300000,"4,41E-04","1,86E-04","1,88E-04","1,88E-04","4,00E-04","3,91E-04","6,60E-04","6,90E-04","8,55E-04","1,24E-03",,,,,,
300000,"4,37E-04","1,86E-04","1,88E-04","1,88E-04","3,93E-04","3,95E-04","6,62E-04","6,90E-04","8,60E-04","1,23E-03",,,,,,
300000,"4,29E-04","1,86E-04","1,97E-04","1,88E-04","3,93E-04","3,96E-04","6,56E-04","6,98E-04","8,55E-04","1,23E-03",,,,,,
300000,"4,37E-04","1,86E-04","1,88E-04","1,88E-04","3,98E-04","3,90E-04","6,60E-04","6,97E-04","8,54E-04","1,23E-03",,,,,,
300000,"4,29E-04","1,86E-04","1,88E-04","1,96E-04","3,94E-04","3,90E-04","6,59E-04","6,95E-04","8,56E-04","1,23E-03",,,,,,
300000,"4,28E-04","1,86E-04","1,94E-04","1,93E-04","3,94E-04","3,95E-04","6,56E-04","6,95E-04","8,60E-04","1,23E-03",,,,,,
300000,"4,28E-04","1,86E-04","2,02E-04","1,94E-04","3,94E-04","3,96E-04","6,63E-04","6,96E-04","8,56E-04","1,23E-03",,,,,,
300000,"4,37E-04","1,86E-04","1,88E-04","1,88E-04","3,99E-04","3,91E-04","6,60E-04","6,90E-04","9,31E-04","1,25E-03",,,,,,
300000,"4,29E-04","1,93E-04","1,89E-04","1,88E-04","3,94E-04","3,94E-04","6,77E-04","7,17E-04","8,88E-04","1,27E-03",,,,,,
300000,"4,30E-04","1,86E-04","1,95E-04","1,88E-04","3,94E-04","3,98E-04","6,56E-04","6,97E-04","8,56E-04","1,23E-03",,,,,,
300000,"4,29E-04","1,86E-04","1,94E-04","1,88E-04","3,93E-04","3,95E-04","6,55E-04","6,99E-04","8,58E-04","1,23E-03",,,,,,
300000,"4,29E-04","1,86E-04","1,88E-04","1,97E-04","4,08E-04","3,90E-04","6,61E-04","6,95E-04","8,54E-04","1,23E-03",,,,,,
300000,"4,28E-04","1,86E-04","1,89E-04","1,96E-04","3,94E-04","3,90E-04","6,63E-04","6,97E-04","8,56E-04","1,23E-03",,,,,,
300000,"4,38E-04","1,87E-04","1,89E-04","1,88E-04","4,01E-04","3,90E-04","6,61E-04","6,90E-04","8,58E-04","1,24E-03",,,,,,
300000,"4,39E-04","1,87E-04","1,89E-04","1,88E-04","3,98E-04","3,90E-04","6,62E-04","6,88E-04","8,55E-04","1,23E-03",,,,,,
300000,"4,39E-04","1,86E-04","1,89E-04","1,88E-04","3,98E-04","3,90E-04","6,73E-04","6,82E-04","8,81E-04","1,27E-03",,,,,,
300000,"4,29E-04","1,86E-04","1,89E-04","1,96E-04","3,94E-04","3,90E-04","6,59E-04","6,94E-04","8,55E-04","1,23E-03",,,,,,
300000,"4,36E-04","1,91E-04","1,89E-04","1,88E-04","3,94E-04","3,96E-04","6,59E-04","6,97E-04","8,56E-04","1,23E-03",,,,,,
300000,"4,28E-04","1,86E-04","1,88E-04","1,96E-04","3,93E-04","3,90E-04","6,59E-04","7,08E-04","8,55E-04","1,23E-03",,,,,,
300000,"4,39E-04","1,87E-04","1,88E-04","1,88E-04","4,04E-04","3,91E-04","6,65E-04","7,03E-04","8,60E-04","1,23E-03",,,,,,
300000,"4,40E-04","1,86E-04","1,88E-04","1,88E-04","4,00E-04","3,90E-04","6,60E-04","6,99E-04","8,50E-04","1,23E-03",,,,,,
300000,"4,36E-04","1,86E-04","1,88E-04","1,88E-04","3,99E-04","3,90E-04","6,58E-04","6,96E-04","8,54E-04","1,23E-03",,,,,,
300000,"4,29E-04","1,95E-04","1,89E-04","1,88E-04","3,93E-04","3,99E-04","6,55E-04","6,97E-04","8,56E-04","1,23E-03",,,,,,
300000,"4,29E-04","2,00E-04","1,89E-04","1,88E-04","3,94E-04","3,97E-04","6,65E-04","6,90E-04","8,61E-04","1,23E-03",,,,,,
300000,"4,29E-04","1,93E-04","1,88E-04","1,88E-04","3,94E-04","3,98E-04","6,55E-04","6,97E-04","8,62E-04","1,23E-03",,,,,,
300000,"4,29E-04","1,96E-04","1,89E-04","1,88E-04","3,94E-04","3,98E-04","6,56E-04","6,95E-04","8,59E-04","1,23E-03",,,,,,
300000,"4,29E-04","1,93E-04","1,88E-04","1,88E-04","3,93E-04","3,96E-04","6,55E-04","6,95E-04","8,57E-04","1,23E-03",,,,,,
300000,"4,28E-04","2,01E-04","1,89E-04","1,88E-04","3,93E-04","4,00E-04","6,55E-04","6,96E-04","8,60E-04","1,23E-03",,,,,,
300000,"4,29E-04","1,86E-04","2,00E-04","1,88E-04","3,93E-04","3,97E-04","6,55E-04","6,95E-04","8,59E-04","1,23E-03",,,,,,
300000,"4,36E-04","1,93E-04","1,88E-04","1,88E-04","3,99E-04","3,90E-04","6,79E-04","7,11E-04","8,71E-04","1,25E-03",,,,,,
300000,"4,37E-04","1,87E-04","1,88E-04","1,88E-04","5,10E-04","4,93E-04","8,31E-04","7,81E-04","8,59E-04","1,23E-03",,,,,,
300000,"4,40E-04","1,86E-04","1,89E-04","1,88E-04","4,06E-04","3,90E-04","6,62E-04","6,92E-04","8,59E-04","1,24E-03",,,,,,
300000,"4,29E-04","1,96E-04","1,89E-04","1,88E-04","3,94E-04","4,08E-04","6,56E-04","6,97E-04","8,57E-04","1,23E-03",,,,,,
300000,"4,29E-04","1,86E-04","1,94E-04","1,88E-04","3,93E-04","4,02E-04","6,56E-04","6,96E-04","8,55E-04","1,23E-03",,,,,,
300000,"4,29E-04","1,86E-04","1,88E-04","1,97E-04","3,94E-04","3,90E-04","6,61E-04","6,95E-04","8,58E-04","1,23E-03",,,,,,
300000,"4,29E-04","1,93E-04","1,89E-04","1,88E-04","3,94E-04","3,95E-04","6,55E-04","6,95E-04","8,60E-04","1,23E-03",,,,,,
300000,"4,37E-04","1,86E-04","1,89E-04","1,88E-04","4,10E-04","3,91E-04","6,61E-04","6,90E-04","8,68E-04","1,23E-03",,,,,,
300000,"4,44E-04","1,86E-04","1,89E-04","1,88E-04","3,99E-04","3,90E-04","6,51E-04","7,07E-04","8,77E-04","1,25E-03",,,,,,
300000,"4,36E-04","1,87E-04","1,88E-04","1,88E-04","3,93E-04","3,97E-04","6,60E-04","6,89E-04","8,60E-04","1,23E-03",,,,,,
300000,"4,29E-04","1,86E-04","1,97E-04","1,88E-04","3,93E-04","3,96E-04","6,55E-04","6,95E-04","8,63E-04","1,25E-03",,,,,,
300000,"4,29E-04","1,86E-04","1,89E-04","1,96E-04","3,93E-04","3,90E-04","6,63E-04","6,98E-04","8,57E-04","1,23E-03",,,,,,
300000,"4,44E-04","1,87E-04","1,88E-04","1,88E-04","4,00E-04","3,90E-04","6,65E-04","6,98E-04","8,52E-04","1,24E-03",,,,,,
300000,"9,66E-04","3,15E-04","1,88E-04","1,88E-04","3,99E-04","3,90E-04","6,59E-04","6,94E-04","8,50E-04","1,24E-03",,,,,,
300000,"4,29E-04","1,96E-04","1,89E-04","1,88E-04","3,94E-04","3,97E-04","6,60E-04","6,90E-04","8,58E-04","1,24E-03",,,,,,
300000,"4,28E-04","1,97E-04","1,97E-04","1,88E-04","3,93E-04","3,96E-04","6,56E-04","6,97E-04","8,55E-04","1,23E-03",,,,,,
300000,"4,43E-04","1,94E-04","1,88E-04","1,88E-04","4,25E-04","3,91E-04","6,63E-04","6,91E-04","8,56E-04","1,23E-03",,,,,,
300000,"4,34E-04","1,87E-04","1,89E-04","1,88E-04","3,93E-04","3,97E-04","6,64E-04","6,90E-04","8,59E-04","1,23E-03",,,,,,
300000,"4,28E-04","1,95E-04","1,89E-04","1,88E-04","3,93E-04","3,98E-04","6,78E-04","7,24E-04","8,79E-04","1,25E-03",,,,,,
300000,"4,28E-04","2,02E-04","1,89E-04","1,88E-04","3,94E-04","3,96E-04","6,55E-04","6,96E-04","8,55E-04","1,23E-03",,,,,,
300000,"4,29E-04","1,93E-04","1,88E-04","1,88E-04","3,93E-04","3,94E-04","6,54E-04","6,93E-04","8,59E-04","1,23E-03",,,,,,
300000,"4,29E-04","1,95E-04","1,89E-04","1,88E-04","3,93E-04","3,96E-04","6,55E-04","6,97E-04","8,56E-04","1,23E-03",,,,,,
300000,"4,28E-04","1,98E-04","1,89E-04","1,88E-04","3,93E-04","3,96E-04","6,56E-04","6,97E-04","8,55E-04","1,23E-03",,,,,,
300000,"4,28E-04","1,96E-04","1,90E-04","1,88E-04","3,93E-04","3,97E-04","6,55E-04","6,96E-04","8,55E-04","1,23E-03",,,,,,
300000,"4,28E-04","1,86E-04","1,95E-04","1,88E-04","3,93E-04","3,96E-04","6,57E-04","6,97E-04","8,62E-04","1,23E-03",,,,,,
300000,"4,28E-04","1,93E-04","1,89E-04","1,88E-04","3,93E-04","3,95E-04","6,55E-04","6,96E-04","8,54E-04","1,23E-03",,,,,,
300000,"4,28E-04","1,93E-04","1,89E-04","1,88E-04","3,93E-04","3,95E-04","6,55E-04","6,97E-04","8,55E-04","1,23E-03",,,,,,
300000,"4,29E-04","1,93E-04","1,89E-04","1,88E-04","3,94E-04","3,96E-04","6,55E-04","6,95E-04","8,54E-04","1,23E-03",,,,,,
300000,"4,39E-04","1,86E-04","1,88E-04","1,88E-04","4,00E-04","3,90E-04","6,60E-04","6,98E-04","8,51E-04","1,24E-03",,,,,,
400000,"5,67E-04","2,51E-04","2,51E-04","2,50E-04","5,29E-04","5,19E-04","8,79E-04","9,24E-04","1,14E-03","1,65E-03",,,,,,
400000,"5,67E-04","2,44E-04","2,78E-04","2,50E-04","5,23E-04","5,26E-04","9,75E-04","1,01E-03","1,32E-03","1,89E-03",,,,,,
400000,"5,79E-04","2,44E-04","2,51E-04","2,57E-04","5,23E-04","5,26E-04","8,78E-04","9,26E-04","1,14E-03","1,63E-03",,,,,,
400000,"5,67E-04","2,52E-04","2,51E-04","2,50E-04","5,30E-04","5,20E-04","8,75E-04","9,28E-04","1,14E-03","1,64E-03",,,,,,
400000,"5,67E-04","2,52E-04","2,51E-04","2,50E-04","5,29E-04","5,19E-04","8,78E-04","9,28E-04","1,14E-03","1,64E-03",,,,,,
400000,"5,67E-04","2,44E-04","2,57E-04","2,50E-04","5,30E-04","5,20E-04","8,77E-04","9,24E-04","1,14E-03","2,13E-03",,,,,,
400000,"5,75E-04","2,44E-04","2,51E-04","2,50E-04","5,29E-04","5,19E-04","8,80E-04","9,28E-04","1,14E-03","1,64E-03",,,,,,
400000,"5,77E-04","2,44E-04","2,50E-04","2,55E-04","5,22E-04","5,24E-04","8,72E-04","9,26E-04","1,14E-03","1,64E-03",,,,,,
400000,"5,74E-04","2,44E-04","2,51E-04","2,50E-04","5,27E-04","5,20E-04","8,76E-04","9,25E-04","1,14E-03","1,64E-03",,,,,,
400000,"5,70E-04","2,57E-04","2,51E-04","2,50E-04","5,31E-04","5,22E-04","8,80E-04","9,40E-04","1,15E-03","1,64E-03",,,,,,
400000,"5,73E-04","2,44E-04","2,51E-04","2,59E-04","5,23E-04","5,26E-04","8,77E-04","9,28E-04","1,14E-03","1,64E-03",,,,,,
400000,"5,74E-04","2,44E-04","2,50E-04","2,50E-04","5,29E-04","5,24E-04","8,69E-04","9,25E-04","1,14E-03","1,67E-03",,,,,,
400000,"5,77E-04","2,46E-04","2,51E-04","2,50E-04","5,30E-04","5,20E-04","8,77E-04","9,25E-04","1,14E-03","1,64E-03",,,,,,
400000,"5,75E-04","2,45E-04","2,59E-04","2,50E-04","5,23E-04","5,26E-04","8,79E-04","9,25E-04","1,14E-03","1,64E-03",,,,,,
400000,"5,67E-04","2,51E-04","2,51E-04","2,50E-04","5,31E-04","5,20E-04","8,84E-04","9,25E-04","1,14E-03","1,64E-03",,,,,,
400000,"5,68E-04","2,52E-04","2,51E-04","2,50E-04","5,30E-04","5,19E-04","8,81E-04","9,57E-04","1,14E-03","1,64E-03",,,,,,
400000,"5,79E-04","2,44E-04","2,50E-04","2,50E-04","5,30E-04","5,19E-04","8,76E-04","9,28E-04","1,14E-03","1,64E-03",,,,,,
400000,"5,67E-04","2,44E-04","2,58E-04","2,50E-04","5,23E-04","5,25E-04","8,79E-04","9,24E-04","1,14E-03","1,64E-03",,,,,,
400000,"5,67E-04","2,50E-04","2,51E-04","2,50E-04","5,31E-04","5,20E-04","9,12E-04","9,29E-04","1,14E-03","1,64E-03",,,,,,
400000,"5,67E-04","2,51E-04","2,51E-04","2,50E-04","5,29E-04","5,20E-04","8,76E-04","9,27E-04","1,14E-03","1,64E-03",,,,,,
400000,"5,67E-04","2,52E-04","2,51E-04","2,50E-04","5,29E-04","5,19E-04","8,80E-04","9,27E-04","1,14E-03","1,65E-03",,,,,,
400000,"5,75E-04","2,44E-04","2,50E-04","2,50E-04","5,41E-04","5,30E-04","8,78E-04","9,29E-04","1,14E-03","1,64E-03",,,,,,
400000,"5,74E-04","2,45E-04","2,50E-04","2,50E-04","5,30E-04","5,20E-04","8,77E-04","9,28E-04","1,14E-03","1,65E-03",,,,,,
400000,"5,67E-04","2,44E-04","2,60E-04","2,50E-04","5,24E-04","5,31E-04","8,78E-04","9,29E-04","1,15E-03","1,64E-03",,,,,,
400000,"5,67E-04","2,54E-04","2,51E-04","2,50E-04","5,33E-04","5,20E-04","8,77E-04","9,26E-04","1,14E-03","1,64E-03",,,,,,
400000,"5,77E-04","2,45E-04","2,51E-04","2,59E-04","5,23E-04","5,26E-04","8,77E-04","9,26E-04","1,14E-03","1,64E-03",,,,,,
400000,"5,77E-04","2,44E-04","2,51E-04","2,59E-04","5,23E-04","5,25E-04","8,75E-04","9,24E-04","1,14E-03","1,64E-03",,,,,,
400000,"5,67E-04","2,50E-04","2,51E-04","2,50E-04","5,27E-04","5,20E-04","8,77E-04","9,23E-04","1,34E-03","1,86E-03",,,,,,
400000,"5,75E-04","2,46E-04","2,51E-04","2,50E-04","5,34E-04","5,20E-04","8,80E-04","9,29E-04","1,14E-03","1,65E-03",,,,,,
400000,"5,67E-04","2,45E-04","2,57E-04","2,50E-04","5,23E-04","5,26E-04","8,80E-04","9,25E-04","1,15E-03","1,64E-03",,,,,,
400000,"5,75E-04","2,44E-04","2,58E-04","2,51E-04","5,23E-04","5,26E-04","8,89E-04","9,30E-04","1,15E-03","1,64E-03",,,,,,
400000,"5,67E-04","2,53E-04","2,51E-04","2,50E-04","5,29E-04","5,20E-04","8,90E-04","9,28E-04","1,14E-03","1,64E-03",,,,,,
400000,"5,74E-04","2,45E-04","2,51E-04","2,61E-04","5,23E-04","5,28E-04","8,82E-04","9,26E-04","1,14E-03","1,64E-03",,,,,,
400000,"5,74E-04","2,44E-04","2,51E-04","2,57E-04","5,24E-04","5,31E-04","8,84E-04","9,18E-04","1,15E-03","1,64E-03",,,,,,
400000,"5,75E-04","2,44E-04","2,51E-04","2,50E-04","5,31E-04","5,20E-04","8,76E-04","9,25E-04","1,14E-03","1,64E-03",,,,,,
400000,"5,75E-04","2,44E-04","2,51E-04","2,50E-04","5,33E-04","5,19E-04","9,07E-04","9,40E-04","1,16E-03","1,67E-03",,,,,,
400000,"5,76E-04","2,44E-04","2,51E-04","2,57E-04","5,23E-04","5,24E-04","8,71E-04","9,24E-04","1,15E-03","1,64E-03",,,,,,
400000,"5,68E-04","2,51E-04","2,51E-04","2,50E-04","5,27E-04","5,20E-04","1,06E-03","9,38E-04","1,14E-03","1,64E-03",,,,,,
400000,"5,67E-04","2,52E-04","2,51E-04","2,50E-04","5,29E-04","5,19E-04","8,78E-04","9,25E-04","1,14E-03","1,64E-03",,,,,,
400000,"5,74E-04","2,44E-04","2,51E-04","2,50E-04","5,34E-04","5,20E-04","8,78E-04","9,26E-04","1,14E-03","1,64E-03",,,,,,
400000,"5,67E-04","2,51E-04","2,51E-04","2,50E-04","5,34E-04","5,20E-04","8,78E-04","9,27E-04","1,14E-03","1,64E-03",,,,,,
400000,"5,74E-04","2,44E-04","2,51E-04","2,50E-04","5,33E-04","5,20E-04","8,79E-04","9,28E-04","1,14E-03","1,64E-03",,,,,,
400000,"5,76E-04","2,44E-04","2,51E-04","2,57E-04","5,23E-04","5,25E-04","8,78E-04","9,25E-04","1,14E-03","1,63E-03",,,,,,
400000,"5,74E-04","2,44E-04","2,50E-04","2,50E-04","5,27E-04","5,20E-04","8,76E-04","9,25E-04","1,14E-03","1,64E-03",,,,,,
400000,"5,76E-04","2,44E-04","2,51E-04","2,63E-04","5,28E-04","5,25E-04","8,73E-04","9,24E-04","1,14E-03","1,72E-03",,,,,,
400000,"5,74E-04","2,44E-04","2,51E-04","2,57E-04","5,23E-04","5,29E-04","8,79E-04","9,24E-04","1,14E-03","1,64E-03",,,,,,
400000,"5,77E-04","2,44E-04","2,51E-04","2,50E-04","5,29E-04","7,10E-04","1,39E-03","9,33E-04","1,14E-03","1,65E-03",,,,,,
400000,"5,77E-04","2,44E-04","2,51E-04","2,50E-04","5,28E-04","5,24E-04","8,72E-04","9,25E-04","1,14E-03","1,69E-03",,,,,,
400000,"5,76E-04","2,45E-04","2,56E-04","2,50E-04","5,23E-04","5,25E-04","8,76E-04","9,24E-04","1,14E-03","1,63E-03",,,,,,
400000,"5,68E-04","2,55E-04","2,51E-04","2,50E-04","5,34E-04","5,20E-04","8,90E-04","9,41E-04","1,16E-03","1,67E-03",,,,,,
400000,"5,67E-04","2,51E-04","2,51E-04","2,50E-04","5,27E-04","5,19E-04","8,77E-04","9,25E-04","1,36E-03","2,40E-03",,,,,,
400000,"5,67E-04","2,45E-04","2,59E-04","2,50E-04","5,23E-04","5,27E-04","8,78E-04","9,35E-04","1,19E-03","1,69E-03",,,,,,
400000,"5,75E-04","2,45E-04","2,51E-04","2,50E-04","5,30E-04","5,21E-04","8,80E-04","9,26E-04","1,14E-03","1,64E-03",,,,,,
400000,"5,73E-04","2,44E-04","2,51E-04","2,59E-04","5,24E-04","5,25E-04","8,78E-04","9,24E-04","1,14E-03","1,63E-03",,,,,,
400000,"5,76E-04","2,45E-04","2,58E-04","2,50E-04","5,24E-04","5,28E-04","8,77E-04","9,23E-04","1,14E-03","1,64E-03",,,,,,
400000,"5,76E-04","2,45E-04","2,51E-04","2,50E-04","5,41E-04","5,19E-04","8,80E-04","9,33E-04","1,14E-03","1,65E-03",,,,,,
400000,"5,75E-04","2,44E-04","2,50E-04","2,61E-04","5,24E-04","5,26E-04","8,80E-04","9,20E-04","1,15E-03","1,90E-03",,,,,,
400000,"5,78E-04","2,44E-04","2,50E-04","2,50E-04","5,30E-04","5,19E-04","8,75E-04","9,23E-04","1,14E-03","1,64E-03",,,,,,
400000,"5,75E-04","2,44E-04","2,50E-04","2,57E-04","5,23E-04","5,23E-04","8,76E-04","9,24E-04","1,14E-03","1,63E-03",,,,,,
400000,"5,78E-04","2,45E-04","2,51E-04","2,50E-04","5,29E-04","5,20E-04","8,78E-04","9,24E-04","1,15E-03","1,65E-03",,,,,,
400000,"5,74E-04","2,44E-04","2,51E-04","2,55E-04","5,24E-04","5,27E-04","8,77E-04","9,20E-04","1,14E-03","1,64E-03",,,,,,
400000,"5,74E-04","2,45E-04","2,51E-04","2,50E-04","5,31E-04","5,20E-04","8,76E-04","9,26E-04","1,14E-03","1,64E-03",,,,,,
400000,"5,74E-04","2,44E-04","2,58E-04","2,50E-04","5,23E-04","5,26E-04","8,95E-04","9,38E-04","1,18E-03","1,69E-03",,,,,,
400000,"5,67E-04","2,44E-04","2,58E-04","2,50E-04","5,23E-04","5,27E-04","8,81E-04","9,27E-04","1,14E-03","1,64E-03",,,,,,
400000,"5,75E-04","2,45E-04","2,50E-04","2,63E-04","5,23E-04","5,25E-04","8,76E-04","9,26E-04","1,15E-03","1,64E-03",,,,,,
400000,"5,68E-04","2,45E-04","2,61E-04","2,50E-04","5,23E-04","5,25E-04","8,77E-04","1,10E-03","1,28E-03","1,65E-03",,,,,,
400000,"5,83E-04","2,45E-04","2,51E-04","2,50E-04","5,30E-04","5,20E-04","8,78E-04","9,26E-04","1,15E-03","1,64E-03",,,,,,
400000,"5,74E-04","2,45E-04","2,51E-04","2,50E-04","5,39E-04","5,20E-04","8,78E-04","9,26E-04","1,14E-03","1,66E-03",,,,,,
400000,"5,67E-04","2,55E-04","2,51E-04","2,50E-04","5,30E-04","5,20E-04","8,78E-04","9,25E-04","1,15E-03","1,64E-03",,,,,,
400000,"5,68E-04","2,59E-04","2,51E-04","2,50E-04","5,31E-04","5,20E-04","8,77E-04","9,25E-04","1,15E-03","1,64E-03",,,,,,
400000,"5,67E-04","2,51E-04","2,51E-04","2,50E-04","5,39E-04","5,20E-04","8,78E-04","9,25E-04","1,14E-03","1,65E-03",,,,,,
400000,"5,67E-04","2,58E-04","2,51E-04","2,50E-04","5,36E-04","5,21E-04","8,96E-04","9,27E-04","1,15E-03","1,64E-03",,,,,,
400000,"5,67E-04","2,55E-04","2,51E-04","2,50E-04","5,30E-04","5,19E-04","8,77E-04","9,25E-04","1,15E-03","1,64E-03",,,,,,
400000,"5,67E-04","2,59E-04","2,51E-04","2,50E-04","5,30E-04","5,19E-04","8,77E-04","9,25E-04","1,15E-03","1,64E-03",,,,,,
400000,"5,68E-04","2,52E-04","2,51E-04","2,50E-04","5,39E-04","5,20E-04","8,81E-04","9,25E-04","1,14E-03","1,66E-03",,,,,,
400000,"5,67E-04","2,60E-04","2,51E-04","2,50E-04","5,30E-04","5,20E-04","8,77E-04","9,27E-04","1,14E-03","1,64E-03",,,,,,
400000,"5,68E-04","2,44E-04","2,57E-04","2,50E-04","5,34E-04","5,19E-04","8,97E-04","9,41E-04","1,15E-03","1,65E-03",,,,,,
400000,"5,67E-04","2,51E-04","2,51E-04","2,50E-04","5,33E-04","5,20E-04","8,82E-04","9,26E-04","1,14E-03","1,64E-03",,,,,,
400000,"5,67E-04","2,52E-04","2,51E-04","2,50E-04","5,29E-04","5,19E-04","8,77E-04","9,26E-04","1,14E-03","1,64E-03",,,,,,
400000,"5,67E-04","2,51E-04","2,51E-04","2,50E-04","5,29E-04","5,20E-04","8,81E-04","9,28E-04","1,14E-03","1,64E-03",,,,,,
400000,"5,74E-04","2,45E-04","2,50E-04","2,50E-04","5,36E-04","5,20E-04","8,78E-04","9,26E-04","1,14E-03","1,64E-03",,,,,,
400000,"5,68E-04","2,44E-04","2,58E-04","2,50E-04","5,23E-04","5,28E-04","8,79E-04","9,26E-04","1,30E-03","1,77E-03",,,,,,
400000,"5,80E-04","2,45E-04","2,50E-04","2,50E-04","5,29E-04","5,26E-04","8,72E-04","9,29E-04","1,14E-03","1,64E-03",,,,,,
400000,"5,67E-04","2,53E-04","2,51E-04","2,50E-04","5,29E-04","5,20E-04","8,76E-04","9,34E-04","1,14E-03","1,64E-03",,,,,,
400000,"5,68E-04","2,53E-04","2,51E-04","2,50E-04","5,29E-04","5,19E-04","8,79E-04","9,26E-04","1,14E-03","1,64E-03",,,,,,
400000,"5,74E-04","2,45E-04","2,50E-04","2,50E-04","5,31E-04","5,19E-04","8,83E-04","9,29E-04","1,14E-03","1,65E-03",,,,,,
400000,"5,75E-04","2,44E-04","2,51E-04","2,50E-04","5,30E-04","5,20E-04","8,78E-04","9,32E-04","1,14E-03","1,65E-03",,,,,,
400000,"5,76E-04","2,44E-04","2,51E-04","2,50E-04","5,33E-04","5,20E-04","8,84E-04","9,26E-04","1,14E-03","1,64E-03",,,,,,
400000,"5,76E-04","2,45E-04","2,51E-04","2,50E-04","5,34E-04","5,19E-04","8,78E-04","9,26E-04","1,14E-03","1,64E-03",,,,,,
400000,"5,75E-04","2,45E-04","2,51E-04","2,50E-04","5,29E-04","5,19E-04","8,77E-04","9,29E-04","1,15E-03","1,65E-03",,,,,,
400000,"5,67E-04","2,46E-04","2,54E-04","2,50E-04","5,31E-04","5,19E-04","8,81E-04","9,28E-04","1,14E-03","1,65E-03",,,,,,
400000,"5,79E-04","2,44E-04","2,51E-04","2,50E-04","5,34E-04","5,19E-04","8,80E-04","9,29E-04","1,14E-03","1,65E-03",,,,,,
400000,"5,77E-04","2,44E-04","2,51E-04","2,50E-04","5,28E-04","5,19E-04","8,75E-04","9,25E-04","1,14E-03","1,64E-03",,,,,,
400000,"5,76E-04","2,45E-04","2,51E-04","2,50E-04","5,29E-04","5,19E-04","8,80E-04","9,47E-04","1,14E-03","1,65E-03",,,,,,
400000,"5,67E-04","2,44E-04","2,57E-04","2,50E-04","5,23E-04","5,32E-04","8,82E-04","9,30E-04","1,14E-03","1,64E-03",,,,,,
400000,"5,77E-04","2,44E-04","2,51E-04","2,57E-04","5,23E-04","5,25E-04","8,76E-04","9,27E-04","1,14E-03","1,64E-03",,,,,,
400000,"5,79E-04","2,44E-04","2,51E-04","2,57E-04","5,23E-04","5,29E-04","8,87E-04","9,29E-04","1,15E-03","1,64E-03",,,,,,
400000,"5,76E-04","2,45E-04","2,50E-04","2,57E-04","5,24E-04","5,27E-04","8,67E-04","9,39E-04","1,18E-03","1,67E-03",,,,,,
400000,"7,14E-04","2,45E-04","2,57E-04","2,50E-04","5,24E-04","5,27E-04","8,77E-04","9,27E-04","1,14E-03","1,64E-03",,,,,,
400000,"5,80E-04","2,44E-04","2,51E-04","2,50E-04","5,31E-04","5,20E-04","8,77E-04","9,26E-04","1,14E-03","1,64E-03",,,,,,
500000,"7,13E-04","3,02E-04","3,12E-04","3,19E-04","6,53E-04","6,55E-04","1,10E-03","1,15E-03","1,43E-03","2,06E-03",,,,,,
500000,"7,13E-04","3,02E-04","3,12E-04","3,19E-04","6,52E-04","6,55E-04","1,10E-03","1,17E-03","1,43E-03","2,06E-03",,,,,,
500000,"7,12E-04","3,03E-04","3,18E-04","3,12E-04","6,66E-04","6,49E-04","1,10E-03","1,15E-03","1,44E-03","2,05E-03",,,,,,
500000,"7,06E-04","3,08E-04","3,12E-04","3,11E-04","6,59E-04","6,57E-04","1,10E-03","1,15E-03","1,43E-03","2,06E-03",,,,,,
500000,"7,13E-04","3,03E-04","3,22E-04","3,12E-04","6,64E-04","6,49E-04","1,10E-03","1,16E-03","1,42E-03","2,05E-03",,,,,,
500000,"7,12E-04","3,02E-04","3,12E-04","3,18E-04","6,52E-04","6,57E-04","1,10E-03","1,16E-03","1,42E-03","2,05E-03",,,,,,
500000,"7,12E-04","3,02E-04","3,12E-04","3,17E-04","6,53E-04","6,69E-04","1,10E-03","1,15E-03","1,43E-03","2,05E-03",,,,,,
500000,"7,05E-04","3,08E-04","3,12E-04","3,12E-04","6,61E-04","6,49E-04","1,11E-03","1,16E-03","1,42E-03","2,05E-03",,,,,,
500000,"7,13E-04","3,04E-04","3,12E-04","3,20E-04","6,53E-04","6,55E-04","1,10E-03","1,15E-03","1,44E-03","2,06E-03",,,,,,
500000,"7,13E-04","3,03E-04","3,20E-04","3,11E-04","6,60E-04","6,49E-04","1,10E-03","1,16E-03","1,43E-03","2,05E-03",,,,,,
500000,"7,07E-04","3,11E-04","3,15E-04","3,17E-04","6,60E-04","6,57E-04","1,10E-03","1,16E-03","1,42E-03","2,05E-03",,,,,,
500000,"7,15E-04","3,02E-04","3,27E-04","3,17E-04","6,65E-04","6,49E-04","1,11E-03","1,16E-03","1,43E-03","2,05E-03",,,,,,
500000,"7,06E-04","3,10E-04","3,12E-04","3,12E-04","6,59E-04","6,54E-04","1,10E-03","1,15E-03","1,43E-03","2,05E-03",,,,,,
500000,"7,19E-04","3,02E-04","3,12E-04","3,18E-04","6,53E-04","6,56E-04","1,09E-03","1,16E-03","1,43E-03","2,05E-03",,,,,,
500000,"7,15E-04","3,02E-04","3,19E-04","3,12E-04","6,53E-04","6,59E-04","1,10E-03","1,16E-03","1,43E-03","2,05E-03",,,,,,
500000,"7,06E-04","3,09E-04","3,12E-04","3,11E-04","6,62E-04","6,56E-04","1,10E-03","1,16E-03","1,42E-03","2,05E-03",,,,,,
500000,"7,13E-04","3,02E-04","3,13E-04","3,19E-04","6,52E-04","6,59E-04","1,10E-03","1,16E-03","1,42E-03","2,05E-03",,,,,,
500000,"7,12E-04","3,02E-04","3,13E-04","3,18E-04","6,53E-04","6,57E-04","1,10E-03","1,16E-03","1,43E-03","2,05E-03",,,,,,
500000,"7,14E-04","3,02E-04","3,12E-04","3,17E-04","6,53E-04","6,56E-04","1,09E-03","1,16E-03","1,43E-03","2,05E-03",,,,,,
500000,"7,14E-04","3,02E-04","3,19E-04","3,12E-04","6,53E-04","6,65E-04","1,07E-03","1,11E-03","1,46E-03","2,06E-03",,,,,,
500000,"7,05E-04","3,09E-04","3,13E-04","3,12E-04","6,61E-04","6,59E-04","1,09E-03","1,15E-03","1,42E-03","2,05E-03",,,,,,
500000,"7,17E-04","3,03E-04","3,13E-04","3,18E-04","6,52E-04","6,57E-04","1,09E-03","1,15E-03","1,43E-03","2,05E-03",,,,,,
500000,"7,06E-04","3,10E-04","3,12E-04","3,12E-04","6,61E-04","6,55E-04","1,10E-03","1,16E-03","1,42E-03","2,06E-03",,,,,,
500000,"7,13E-04","3,03E-04","3,27E-04","3,12E-04","6,63E-04","6,49E-04","1,09E-03","1,15E-03","1,44E-03","2,05E-03",,,,,,
500000,"7,17E-04","3,02E-04","3,12E-04","3,22E-04","6,64E-04","6,67E-04","1,10E-03","1,15E-03","1,43E-03","2,05E-03",,,,,,
500000,"7,16E-04","3,03E-04","3,18E-04","3,12E-04","6,53E-04","6,55E-04","1,09E-03","1,16E-03","1,42E-03","2,05E-03",,,,,,
500000,"7,05E-04","3,12E-04","3,13E-04","3,12E-04","6,63E-04","6,57E-04","1,09E-03","1,15E-03","1,43E-03","2,05E-03",,,,,,
500000,"7,12E-04","3,03E-04","3,20E-04","3,12E-04","6,68E-04","6,49E-04","1,10E-03","1,16E-03","1,43E-03","2,05E-03",,,,,,
500000,"7,12E-04","3,02E-04","3,13E-04","3,20E-04","6,52E-04","6,54E-04","1,09E-03","1,15E-03","1,43E-03","2,05E-03",,,,,,
500000,"7,06E-04","3,10E-04","3,12E-04","3,11E-04","6,59E-04","6,55E-04","1,10E-03","1,15E-03","1,42E-03","2,06E-03",,,,,,
500000,"7,13E-04","3,03E-04","3,12E-04","3,20E-04","6,52E-04","6,54E-04","1,09E-03","1,16E-03","1,43E-03","2,05E-03",,,,,,
500000,"7,18E-04","3,03E-04","3,22E-04","3,12E-04","6,53E-04","6,55E-04","1,09E-03","1,17E-03","1,43E-03","2,06E-03",,,,,,
500000,"7,15E-04","3,11E-04","3,13E-04","3,12E-04","6,57E-04","6,55E-04","1,10E-03","1,17E-03","1,43E-03","2,05E-03",,,,,,
500000,"7,31E-04","3,03E-04","3,12E-04","3,18E-04","6,52E-04","6,55E-04","1,09E-03","1,16E-03","1,43E-03","2,05E-03",,,,,,
500000,"7,13E-04","3,02E-04","3,12E-04","3,22E-04","6,53E-04","6,73E-04","1,09E-03","1,16E-03","1,43E-03","2,05E-03",,,,,,
500000,"7,15E-04","3,03E-04","3,20E-04","3,12E-04","6,60E-04","6,49E-04","1,09E-03","1,16E-03","1,42E-03","2,05E-03",,,,,,
500000,"7,05E-04","3,15E-04","3,14E-04","3,11E-04","6,59E-04","6,56E-04","1,09E-03","1,18E-03","1,42E-03","2,05E-03",,,,,,
500000,"7,15E-04","3,03E-04","3,20E-04","3,12E-04","6,58E-04","6,49E-04","1,09E-03","1,19E-03","1,43E-03","2,06E-03",,,,,,
500000,"7,13E-04","3,02E-04","3,12E-04","3,18E-04","6,53E-04","6,57E-04","1,10E-03","1,16E-03","1,44E-03","2,06E-03",,,,,,
500000,"7,18E-04","3,03E-04","3,12E-04","3,19E-04","6,53E-04","6,55E-04","1,05E-03","1,14E-03","1,46E-03","2,10E-03",,,,,,
500000,"7,13E-04","3,03E-04","3,18E-04","3,12E-04","6,58E-04","6,49E-04","1,10E-03","1,15E-03","1,42E-03","2,09E-03",,,,,,
500000,"7,14E-04","3,03E-04","3,12E-04","3,11E-04","6,59E-04","6,55E-04","1,10E-03","1,15E-03","1,42E-03","2,05E-03",,,,,,
500000,"7,19E-04","3,13E-04","3,19E-04","3,12E-04","6,57E-04","6,48E-04","1,10E-03","1,17E-03","1,42E-03","2,06E-03",,,,,,
500000,"7,12E-04","3,02E-04","3,12E-04","3,12E-04","6,59E-04","6,55E-04","1,10E-03","1,15E-03","1,42E-03","2,05E-03",,,,,,
500000,"7,12E-04","3,03E-04","3,12E-04","3,20E-04","6,53E-04","6,55E-04","1,09E-03","1,16E-03","1,44E-03","2,05E-03",,,,,,
500000,"7,13E-04","3,05E-04","3,13E-04","3,12E-04","6,56E-04","6,60E-04","1,10E-03","1,16E-03","1,42E-03","2,06E-03",,,,,,
500000,"7,12E-04","3,03E-04","3,21E-04","3,12E-04","6,52E-04","6,54E-04","1,10E-03","1,16E-03","1,44E-03","2,05E-03",,,,,,
500000,"7,13E-04","3,02E-04","3,13E-04","3,18E-04","6,53E-04","6,54E-04","1,10E-03","1,16E-03","1,43E-03","2,05E-03",,,,,,
500000,"7,05E-04","3,11E-04","3,12E-04","3,12E-04","6,61E-04","6,57E-04","1,09E-03","1,16E-03","1,42E-03","2,05E-03",,,,,,
500000,"7,14E-04","3,03E-04","3,24E-04","3,12E-04","6,58E-04","6,48E-04","1,10E-03","1,15E-03","1,43E-03","2,05E-03",,,,,,
500000,"7,05E-04","3,13E-04","3,12E-04","3,12E-04","6,59E-04","6,49E-04","1,07E-03","1,15E-03","1,46E-03","2,10E-03",,,,,,
500000,"7,05E-04","3,09E-04","3,12E-04","3,12E-04","6,59E-04","6,58E-04","1,13E-03","1,17E-03","1,44E-03","2,08E-03",,,,,,
500000,"7,13E-04","3,02E-04","3,12E-04","3,17E-04","6,53E-04","6,55E-04","1,10E-03","1,16E-03","1,43E-03","2,05E-03",,,,,,
500000,"7,11E-04","3,02E-04","3,20E-04","3,12E-04","6,53E-04","6,53E-04","1,09E-03","1,15E-03","1,43E-03","2,05E-03",,,,,,
500000,"7,16E-04","3,09E-04","3,12E-04","3,11E-04","6,58E-04","6,55E-04","1,10E-03","1,16E-03","1,42E-03","2,06E-03",,,,,,
500000,"7,13E-04","3,02E-04","3,12E-04","3,12E-04","6,61E-04","6,60E-04","1,09E-03","1,15E-03","1,42E-03","2,05E-03",,,,,,
500000,"7,13E-04","3,02E-04","3,12E-04","3,20E-04","6,53E-04","6,59E-04","1,09E-03","1,15E-03","1,43E-03","2,05E-03",,,,,,
500000,"7,11E-04","3,11E-04","3,13E-04","3,12E-04","6,60E-04","6,55E-04","1,10E-03","1,15E-03","1,43E-03","2,05E-03",,,,,,
500000,"7,15E-04","3,03E-04","3,12E-04","3,11E-04","6,60E-04","6,55E-04","1,09E-03","1,16E-03","1,43E-03","2,06E-03",,,,,,
500000,"7,06E-04","3,09E-04","3,12E-04","3,12E-04","6,58E-04","6,63E-04","1,10E-03","1,16E-03","1,42E-03","2,05E-03",,,,,,
500000,"7,14E-04","3,03E-04","3,13E-04","3,21E-04","6,53E-04","6,57E-04","1,09E-03","1,16E-03","1,44E-03","2,05E-03",,,,,,
500000,"7,14E-04","3,03E-04","3,13E-04","3,19E-04","6,52E-04","6,55E-04","1,10E-03","1,15E-03","1,43E-03","2,06E-03",,,,,,
500000,"7,13E-04","3,03E-04","3,12E-04","3,18E-04","6,52E-04","6,57E-04","1,09E-03","1,15E-03","1,43E-03","2,05E-03",,,,,,
500000,"7,12E-04","3,02E-04","3,18E-04","3,12E-04","6,61E-04","6,48E-04","1,10E-03","1,15E-03","1,43E-03","2,05E-03",,,,,,
500000,"7,06E-04","3,11E-04","3,12E-04","3,11E-04","6,59E-04","6,58E-04","1,09E-03","1,16E-03","1,42E-03","2,05E-03",,,,,,
500000,"7,12E-04","3,02E-04","3,12E-04","3,18E-04","6,52E-04","6,54E-04","1,10E-03","1,16E-03","1,43E-03","2,05E-03",,,,,,
500000,"7,16E-04","3,03E-04","3,18E-04","3,12E-04","6,57E-04","6,48E-04","1,09E-03","1,15E-03","1,43E-03","2,05E-03",,,,,,
500000,"7,06E-04","3,09E-04","3,12E-04","3,12E-04","6,58E-04","6,54E-04","1,10E-03","1,15E-03","1,42E-03","2,05E-03",,,,,,
500000,"7,18E-04","3,03E-04","3,13E-04","3,18E-04","6,54E-04","6,57E-04","1,09E-03","1,16E-03","1,43E-03","2,06E-03",,,,,,
500000,"7,15E-04","3,02E-04","3,12E-04","3,18E-04","6,52E-04","6,59E-04","1,09E-03","1,16E-03","1,43E-03","2,05E-03",,,,,,
500000,"7,17E-04","3,03E-04","3,20E-04","3,12E-04","6,53E-04","6,55E-04","1,10E-03","1,16E-03","1,43E-03","2,06E-03",,,,,,
500000,"7,11E-04","3,02E-04","3,18E-04","3,12E-04","6,58E-04","6,49E-04","1,09E-03","1,17E-03","1,42E-03","2,05E-03",,,,,,
500000,"7,15E-04","3,03E-04","3,18E-04","3,12E-04","6,53E-04","6,55E-04","1,09E-03","1,17E-03","1,47E-03","2,12E-03",,,,,,
500000,"7,05E-04","3,12E-04","3,12E-04","3,12E-04","6,57E-04","6,53E-04","1,09E-03","1,15E-03","1,42E-03","2,05E-03",,,,,,
500000,"7,17E-04","3,03E-04","3,21E-04","3,12E-04","6,69E-04","6,49E-04","1,10E-03","1,16E-03","1,44E-03","2,06E-03",,,,,,
500000,"7,16E-04","3,03E-04","3,12E-04","3,19E-04","6,52E-04","6,55E-04","1,09E-03","1,16E-03","1,43E-03","2,05E-03",,,,,,
500000,"7,16E-04","3,03E-04","3,19E-04","3,12E-04","6,53E-04","6,55E-04","1,09E-03","1,16E-03","1,43E-03","2,05E-03",,,,,,
500000,"7,13E-04","3,03E-04","3,12E-04","3,12E-04","6,60E-04","6,55E-04","1,09E-03","1,15E-03","1,42E-03","2,05E-03",,,,,,
500000,"7,15E-04","3,02E-04","3,13E-04","3,18E-04","6,53E-04","6,56E-04","1,09E-03","1,16E-03","1,42E-03","2,05E-03",,,,,,
500000,"7,14E-04","3,03E-04","3,23E-04","3,12E-04","6,60E-04","6,49E-04","1,07E-03","1,19E-03","1,47E-03","2,11E-03",,,,,,
500000,"7,13E-04","3,03E-04","3,19E-04","3,12E-04","6,69E-04","6,50E-04","1,09E-03","1,15E-03","1,43E-03","2,05E-03",,,,,,
500000,"7,05E-04","3,09E-04","3,12E-04","3,11E-04","6,59E-04","6,61E-04","1,09E-03","1,15E-03","1,43E-03","2,05E-03",,,,,,
500000,"7,15E-04","3,03E-04","3,19E-04","3,12E-04","6,62E-04","6,49E-04","1,09E-03","1,15E-03","1,43E-03","2,05E-03",,,,,,
500000,"7,06E-04","3,09E-04","3,12E-04","3,12E-04","6,59E-04","6,56E-04","1,11E-03","1,16E-03","1,43E-03","2,05E-03",,,,,,
500000,"7,05E-04","3,09E-04","3,13E-04","3,11E-04","6,60E-04","6,55E-04","1,10E-03","1,15E-03","1,42E-03","2,05E-03",,,,,,
500000,"7,13E-04","3,02E-04","3,21E-04","3,12E-04","6,61E-04","6,50E-04","1,10E-03","1,15E-03","1,44E-03","2,05E-03",,,,,,
500000,"7,06E-04","3,12E-04","3,12E-04","3,12E-04","6,60E-04","6,56E-04","1,10E-03","1,16E-03","1,42E-03","2,05E-03",,,,,,
500000,"7,14E-04","3,02E-04","3,12E-04","3,18E-04","6,52E-04","6,55E-04","1,10E-03","1,15E-03","1,43E-03","2,07E-03",,,,,,
500000,"7,15E-04","3,02E-04","3,23E-04","3,12E-04","6,58E-04","6,48E-04","1,09E-03","1,15E-03","1,43E-03","2,05E-03",,,,,,
500000,"7,05E-04","3,10E-04","3,12E-04","3,12E-04","6,58E-04","6,57E-04","1,10E-03","1,15E-03","1,42E-03","2,05E-03",,,,,,
500000,"7,13E-04","3,02E-04","3,12E-04","3,21E-04","6,52E-04","6,54E-04","1,09E-03","1,15E-03","1,43E-03","2,05E-03",,,,,,
500000,"7,13E-04","3,02E-04","3,19E-04","3,12E-04","6,58E-04","6,48E-04","1,10E-03","1,16E-03","1,43E-03","2,07E-03",,,,,,
500000,"7,06E-04","3,09E-04","3,13E-04","3,12E-04","6,61E-04","6,54E-04","1,09E-03","1,15E-03","1,42E-03","2,05E-03",,,,,,
500000,"7,12E-04","3,02E-04","3,12E-04","3,18E-04","6,54E-04","6,56E-04","1,10E-03","1,16E-03","1,43E-03","2,05E-03",,,,,,
500000,"7,13E-04","3,03E-04","3,20E-04","3,12E-04","6,58E-04","6,49E-04","1,10E-03","1,15E-03","1,42E-03","2,05E-03",,,,,,
500000,"7,06E-04","3,09E-04","3,13E-04","3,12E-04","6,58E-04","6,57E-04","1,10E-03","1,15E-03","1,74E-03","2,19E-03",,,,,,
500000,"7,06E-04","3,11E-04","3,13E-04","3,12E-04","6,63E-04","6,55E-04","1,09E-03","1,15E-03","1,43E-03","2,05E-03",,,,,,
500000,"7,14E-04","3,02E-04","3,18E-04","3,12E-04","6,58E-04","6,49E-04","1,10E-03","1,16E-03","1,43E-03","2,05E-03",,,,,,
500000,"7,06E-04","3,09E-04","3,12E-04","3,12E-04","6,58E-04","6,57E-04","1,10E-03","1,16E-03","1,42E-03","2,05E-03",,,,,,
500000,"7,12E-04","3,02E-04","3,12E-04","3,18E-04","6,53E-04","6,58E-04","1,10E-03","1,16E-03","1,43E-03","2,07E-03",,,,,,
